{
    "train_seconds": 9.12159276008606,
    "MAE": 0.008202326355081717,
    "RMSE": 0.011748900146337159,
    "R2": 0.9928190927978595
}